kernel_url,script_path
hsperr/finding-ensamble-weights,../kaggle//otto-group-product-classification-challenge/script_0.py
cbourguignat/why-calibration-works,../kaggle//otto-group-product-classification-challenge/script_1.py
sushanttripathy/wrapper-for-models-ensemble,../kaggle//otto-group-product-classification-challenge/script_2.py
abhishek/beating-the-benchmark-v2-0,../kaggle//otto-group-product-classification-challenge/script_3.py
ankitdatascience/random-and-bayes-search-hyp-optimization-gpu,../kaggle//otto-group-product-classification-challenge/script_4.py
mok0na/tc1-projet-otto-xgboost,../kaggle//otto-group-product-classification-challenge/script_5.py
omarelgabry/otto-product-classification-predictions,../kaggle//otto-group-product-classification-challenge/script_6.py
sachinsharma1123/otto-group-classification-acc-82,../kaggle//otto-group-product-classification-challenge/script_7.py
ankitdatascience/xgboost-for-otto-dataset,../kaggle//otto-group-product-classification-challenge/script_8.py
gaoyuan19930220/xgboost,../kaggle//otto-group-product-classification-challenge/script_9.py
soumyasrivastava11/fork-of-otto-group-classification,../kaggle//otto-group-product-classification-challenge/script_10.py
gengotaka/simple-lightgbm-kfold-on-otto,../kaggle//otto-group-product-classification-challenge/script_11.py
pratik2901/otto-product,../kaggle//otto-group-product-classification-challenge/script_12.py
ngutten/visualizing-mistakes,../kaggle//otto-group-product-classification-challenge/script_13.py
ankitdatascience/hyperopt-for-hyperparameter-opt,../kaggle//otto-group-product-classification-challenge/script_14.py
masatomatsui/otto-stacking-lgb,../kaggle//otto-group-product-classification-challenge/script_15.py
wakamezake/tf-keras-otto-neuralnetwork,../kaggle//otto-group-product-classification-challenge/script_16.py
gertjac/testing-scripts-facility,../kaggle//otto-group-product-classification-challenge/script_17.py
masatomatsui/otto-simple-lgb,../kaggle//otto-group-product-classification-challenge/script_18.py
bmatsyakh/products,../kaggle//otto-group-product-classification-challenge/script_19.py
benhamner/scikit-learn-version,../kaggle//otto-group-product-classification-challenge/script_20.py
datacanary/svm-example,../kaggle//otto-group-product-classification-challenge/script_21.py
rajaraman6195/stochastic,../kaggle//otto-group-product-classification-challenge/script_22.py
titericz/t-sne-visualization-with-rapids,../kaggle//otto-group-product-classification-challenge/script_23.py
anycode/otto-using-mlp,../kaggle//otto-group-product-classification-challenge/script_24.py
dguo456/otto-group-neural-network,../kaggle//otto-group-product-classification-challenge/script_25.py
quamber/random-forest-with-rne-feature-selection,../kaggle//otto-group-product-classification-challenge/script_26.py
mihaelasorostinean/ottogroupchallenge,../kaggle//otto-group-product-classification-challenge/script_27.py
wangfelix/visualizing-mistakes,../kaggle//otto-group-product-classification-challenge/script_28.py
nikeshbajaj/beating-benchmark-with-ensembles,../kaggle//otto-group-product-classification-challenge/script_29.py
nagomiso/feature-extraction-tfidf,../kaggle//otto-group-product-classification-challenge/script_30.py
mehradbz/kerneldbcbc137c9,../kaggle//otto-group-product-classification-challenge/script_31.py
nagomiso/predict-with-lightgbm-optuna,../kaggle//otto-group-product-classification-challenge/script_32.py
sanjaysane/xgb-tunned,../kaggle//otto-group-product-classification-challenge/script_33.py
masatomatsui/otto-simple-nn,../kaggle//otto-group-product-classification-challenge/script_34.py
iamprateek/exploring-multi-processing-with-xgboost-1-0-0,../kaggle//otto-group-product-classification-challenge/script_35.py
masatomatsui/otto-knn,../kaggle//otto-group-product-classification-challenge/script_36.py
abhikjha/otto-products-classification-fastai,../kaggle//otto-group-product-classification-challenge/script_37.py
wakamezake/otto-simple-xgb,../kaggle//otto-group-product-classification-challenge/script_38.py
prashant10/fork-of-lr-gbm-rf-ensemble,../kaggle//otto-group-product-classification-challenge/script_39.py
nehabansal/basic-rf-and-xgboost-model,../kaggle//otto-group-product-classification-challenge/script_40.py
taoqi610/randomtree,../kaggle//otto-group-product-classification-challenge/script_41.py
bulletnoid/xgboost-in-r,../kaggle//otto-group-product-classification-challenge/script_42.py
devendramittal/assf234,../kaggle//otto-group-product-classification-challenge/script_43.py
mxk7721/wrapper-for-models-ensemble,../kaggle//otto-group-product-classification-challenge/script_44.py
cs822am/benchmark,../kaggle//otto-group-product-classification-challenge/script_45.py
